City1,City2,Passenger_Trips,Aircraft_Trips,RPKs,ASKs,Seats,Month_num,load_factor,city_pair,avg_ac_capacity,daily_ac_trips,est_daily_TOC
ALBURY,SYDNEY,12665,323,5724580.0,8372396.0,18523,1,68.4,ALBURYSYDNEY,57.0,10.42,39780.02
ALBURY,SYDNEY,15546,459,7026792.0,10958740.0,24245,2,64.1,ALBURYSYDNEY,53.0,15.83,60433.56
ALBURY,SYDNEY,12140,435,5487280.0,10427188.0,23069,3,52.6,ALBURYSYDNEY,53.0,14.03,53561.77
ALBURY,SYDNEY,314,41,141928.0,877784.0,1942,4,16.2,ALBURYSYDNEY,47.0,1.37,5230.19
ALBURY,SYDNEY,416,33,188032.0,793712.0,1756,5,23.7,ALBURYSYDNEY,53.0,1.06,4046.72
ALBURY,SYDNEY,0,0,0.0,0.0,0,6,0.0,ALBURYSYDNEY,0.0,0.0,0.0
ALBURY,SYDNEY,0,0,0.0,0.0,0,7,0.0,ALBURYSYDNEY,0.0,0.0,0.0
ALBURY,SYDNEY,0,0,0.0,0.0,0,8,0.0,ALBURYSYDNEY,0.0,0.0,0.0
ADELAIDE,ALICE SPRINGS,8618,113,11341288.0,18335828.0,13933,1,61.9,ADELAIDEALICE SPRINGS,123.0,3.65,29872.84
ADELAIDE,ALICE SPRINGS,8505,114,11192580.0,19592608.0,14888,2,57.1,ADELAIDEALICE SPRINGS,131.0,3.93,32164.46
ADELAIDE,ALICE SPRINGS,7152,114,9412032.0,20388788.0,15493,3,46.2,ADELAIDEALICE SPRINGS,136.0,3.68,30118.37
ADELAIDE,ALICE SPRINGS,0,0,0.0,0.0,0,4,0.0,ADELAIDEALICE SPRINGS,0.0,0.0,0.0
ADELAIDE,ALICE SPRINGS,0,0,0.0,0.0,0,5,0.0,ADELAIDEALICE SPRINGS,0.0,0.0,0.0
ADELAIDE,ALICE SPRINGS,0,0,0.0,0.0,0,6,0.0,ADELAIDEALICE SPRINGS,0.0,0.0,0.0
ADELAIDE,ALICE SPRINGS,0,0,0.0,0.0,0,7,0.0,ADELAIDEALICE SPRINGS,0.0,0.0,0.0
ADELAIDE,ALICE SPRINGS,0,0,0.0,0.0,0,8,0.0,ADELAIDEALICE SPRINGS,0.0,0.0,0.0
ADELAIDE,BRISBANE,0,0,0.0,0.0,0,4,0.0,ADELAIDEBRISBANE,0.0,0.0,0.0
ADELAIDE,BRISBANE,0,0,0.0,0.0,0,5,0.0,ADELAIDEBRISBANE,0.0,0.0,0.0
ADELAIDE,BRISBANE,0,0,0.0,0.0,0,6,0.0,ADELAIDEBRISBANE,0.0,0.0,0.0
ADELAIDE,BRISBANE,18226,140,29562572.0,34141478.0,21049,7,86.6,ADELAIDEBRISBANE,150.0,4.52,43097.12
ADELAIDE,CANBERRA,12283,120,11939076.0,19331136.0,19888,1,61.8,ADELAIDECANBERRA,166.0,3.87,23755.07
ADELAIDE,CANBERRA,14618,138,14208696.0,22286016.0,22928,2,63.8,ADELAIDECANBERRA,166.0,4.76,29218.12
ADELAIDE,CANBERRA,10147,123,9862884.0,19757844.0,20327,3,49.9,ADELAIDECANBERRA,165.0,3.97,24368.89
ADELAIDE,CANBERRA,0,0,0.0,0.0,0,4,0.0,ADELAIDECANBERRA,0.0,0.0,0.0
ADELAIDE,CANBERRA,0,0,0.0,0.0,0,5,0.0,ADELAIDECANBERRA,0.0,0.0,0.0
ADELAIDE,CANBERRA,0,0,0.0,0.0,0,6,0.0,ADELAIDECANBERRA,0.0,0.0,0.0
ADELAIDE,CANBERRA,0,0,0.0,0.0,0,7,0.0,ADELAIDECANBERRA,0.0,0.0,0.0
ADELAIDE,CANBERRA,0,0,0.0,0.0,0,8,0.0,ADELAIDECANBERRA,0.0,0.0,0.0
ADELAIDE,MELBOURNE,4487,225,2885141.0,12537214.0,19498,4,23.0,ADELAIDEMELBOURNE,87.0,7.5,38364.07
ADELAIDE,MELBOURNE,6165,192,3964095.0,10357444.0,16108,5,38.3,ADELAIDEMELBOURNE,84.0,6.19,31663.15
ADELAIDE,MELBOURNE,7413,192,4766559.0,10565776.0,16432,6,45.1,ADELAIDEMELBOURNE,86.0,6.4,32737.34
ADELAIDE,MELBOURNE,4137,215,2660091.0,12030530.0,18710,7,22.1,ADELAIDEMELBOURNE,87.0,6.94,35499.56
ADELAIDE,MELBOURNE,1191,148,765813.0,8378290.0,13030,8,9.1,ADELAIDEMELBOURNE,88.0,4.77,24399.55
ADELAIDE,GOLD COAST,19708,128,31670756.0,36703880.0,22840,1,86.3,ADELAIDEGOLD COAST,178.0,4.13,37144.44
ADELAIDE,GOLD COAST,16186,109,26010902.0,31191870.0,19410,2,83.4,ADELAIDEGOLD COAST,178.0,3.76,33816.73
ADELAIDE,GOLD COAST,11638,91,18702266.0,26255166.0,16338,3,71.2,ADELAIDEGOLD COAST,180.0,2.94,26441.8
ADELAIDE,GOLD COAST,0,0,0.0,0.0,0,4,0.0,ADELAIDEGOLD COAST,0.0,0.0,0.0
ADELAIDE,GOLD COAST,0,0,0.0,0.0,0,5,0.0,ADELAIDEGOLD COAST,0.0,0.0,0.0
ADELAIDE,GOLD COAST,0,0,0.0,0.0,0,6,0.0,ADELAIDEGOLD COAST,0.0,0.0,0.0
ADELAIDE,GOLD COAST,0,0,0.0,0.0,0,7,0.0,ADELAIDEGOLD COAST,0.0,0.0,0.0
ADELAIDE,GOLD COAST,0,0,0.0,0.0,0,8,0.0,ADELAIDEGOLD COAST,0.0,0.0,0.0
ADELAIDE,PERTH,653,50,1384360.0,6639840.0,3132,4,20.8,ADELAIDEPERTH,63.0,1.67,22210.25
ADELAIDE,PERTH,0,0,0.0,0.0,0,5,0.0,ADELAIDEPERTH,0.0,0.0,0.0
ADELAIDE,PERTH,0,0,0.0,0.0,0,6,0.0,ADELAIDEPERTH,0.0,0.0,0.0
ADELAIDE,PERTH,3194,88,6771280.0,19300480.0,9104,7,35.1,ADELAIDEPERTH,103.0,2.84,37770.72
ADELAIDE,PERTH,2947,94,6247640.0,22217600.0,10480,8,28.1,ADELAIDEPERTH,111.0,3.03,40297.64
ADELAIDE,PORT LINCOLN,14893,559,3663678.0,5400438.0,21953,1,67.8,ADELAIDEPORT LINCOLN,39.0,18.03,50660.69
ADELAIDE,PORT LINCOLN,14698,555,3615708.0,5277930.0,21455,2,68.5,ADELAIDEPORT LINCOLN,39.0,19.14,53779.57
ADELAIDE,PORT LINCOLN,11183,500,2751018.0,4727136.0,19216,3,58.2,ADELAIDEPORT LINCOLN,38.0,16.13,45322.07
ADELAIDE,PORT LINCOLN,564,52,138744.0,506760.0,2060,4,27.4,ADELAIDEPORT LINCOLN,40.0,1.73,4860.95
ADELAIDE,PORT LINCOLN,920,38,226320.0,383760.0,1560,5,59.0,ADELAIDEPORT LINCOLN,41.0,1.23,3456.05
ADELAIDE,PORT LINCOLN,0,0,0.0,0.0,0,6,0.0,ADELAIDEPORT LINCOLN,0.0,0.0,0.0
ADELAIDE,PORT LINCOLN,0,0,0.0,0.0,0,7,0.0,ADELAIDEPORT LINCOLN,0.0,0.0,0.0
ADELAIDE,PORT LINCOLN,0,0,0.0,0.0,0,8,0.0,ADELAIDEPORT LINCOLN,0.0,0.0,0.0
ADELAIDE,SYDNEY,2687,116,3135729.0,15047298.0,12894,4,20.8,ADELAIDESYDNEY,111.0,3.87,30406.47
ADELAIDE,SYDNEY,0,0,0.0,0.0,0,5,0.0,ADELAIDESYDNEY,0.0,0.0,0.0
ADELAIDE,SYDNEY,0,0,0.0,0.0,0,6,0.0,ADELAIDESYDNEY,0.0,0.0,0.0
ADELAIDE,SYDNEY,9282,134,10832094.0,17229588.0,14764,7,62.9,ADELAIDESYDNEY,110.0,4.32,33942.11
ADELAIDE,SYDNEY,5082,130,5930694.0,15703152.0,13456,8,37.8,ADELAIDESYDNEY,104.0,4.19,32920.7
ARMIDALE,SYDNEY,8069,285,3082358.0,4695544.0,12292,1,65.6,ARMIDALESYDNEY,43.0,9.19,39855.74
ARMIDALE,SYDNEY,8830,335,3373060.0,5323552.0,13936,2,63.4,ARMIDALESYDNEY,42.0,11.55,50090.73
ARMIDALE,SYDNEY,5573,296,2128886.0,4702420.0,12310,3,45.3,ARMIDALESYDNEY,42.0,9.55,41417.01
ARMIDALE,SYDNEY,0,0,0.0,0.0,0,4,0.0,ARMIDALESYDNEY,0.0,0.0,0.0
ARMIDALE,SYDNEY,0,0,0.0,0.0,0,5,0.0,ARMIDALESYDNEY,0.0,0.0,0.0
ARMIDALE,SYDNEY,0,0,0.0,0.0,0,6,0.0,ARMIDALESYDNEY,0.0,0.0,0.0
ARMIDALE,SYDNEY,0,0,0.0,0.0,0,7,0.0,ARMIDALESYDNEY,0.0,0.0,0.0
ARMIDALE,SYDNEY,0,0,0.0,0.0,0,8,0.0,ARMIDALESYDNEY,0.0,0.0,0.0
ALICE SPRINGS,DARWIN,4726,88,6167430.0,11121210.0,8522,1,55.5,ALICE SPRINGSDARWIN,97.0,2.84,23243.53
ALICE SPRINGS,DARWIN,0,0,0.0,0.0,0,2,0.0,ALICE SPRINGSDARWIN,0.0,0.0,0.0
ALICE SPRINGS,DARWIN,0,0,0.0,0.0,0,3,0.0,ALICE SPRINGSDARWIN,0.0,0.0,0.0
ALICE SPRINGS,DARWIN,0,0,0.0,0.0,0,4,0.0,ALICE SPRINGSDARWIN,0.0,0.0,0.0
ALICE SPRINGS,DARWIN,0,0,0.0,0.0,0,5,0.0,ALICE SPRINGSDARWIN,0.0,0.0,0.0
ALICE SPRINGS,DARWIN,0,0,0.0,0.0,0,6,0.0,ALICE SPRINGSDARWIN,0.0,0.0,0.0
ALICE SPRINGS,DARWIN,0,0,0.0,0.0,0,7,0.0,ALICE SPRINGSDARWIN,0.0,0.0,0.0
ALICE SPRINGS,DARWIN,0,0,0.0,0.0,0,8,0.0,ALICE SPRINGSDARWIN,0.0,0.0,0.0
ALICE SPRINGS,MELBOURNE,0,0,0.0,0.0,0,1,0.0,ALICE SPRINGSMELBOURNE,0.0,0.0,0.0
ALICE SPRINGS,MELBOURNE,0,0,0.0,0.0,0,2,0.0,ALICE SPRINGSMELBOURNE,0.0,0.0,0.0
ALICE SPRINGS,MELBOURNE,0,0,0.0,0.0,0,3,0.0,ALICE SPRINGSMELBOURNE,0.0,0.0,0.0
ALICE SPRINGS,MELBOURNE,0,0,0.0,0.0,0,4,0.0,ALICE SPRINGSMELBOURNE,0.0,0.0,0.0
ALICE SPRINGS,MELBOURNE,0,0,0.0,0.0,0,5,0.0,ALICE SPRINGSMELBOURNE,0.0,0.0,0.0
ALICE SPRINGS,MELBOURNE,0,0,0.0,0.0,0,6,0.0,ALICE SPRINGSMELBOURNE,0.0,0.0,0.0
ALICE SPRINGS,MELBOURNE,0,0,0.0,0.0,0,7,0.0,ALICE SPRINGSMELBOURNE,0.0,0.0,0.0
ALICE SPRINGS,MELBOURNE,0,0,0.0,0.0,0,8,0.0,ALICE SPRINGSMELBOURNE,0.0,0.0,0.0
ALICE SPRINGS,SYDNEY,0,0,0.0,0.0,0,1,0.0,ALICE SPRINGSSYDNEY,0.0,0.0,0.0
ALICE SPRINGS,SYDNEY,0,0,0.0,0.0,0,2,0.0,ALICE SPRINGSSYDNEY,0.0,0.0,0.0
ALICE SPRINGS,SYDNEY,0,0,0.0,0.0,0,3,0.0,ALICE SPRINGSSYDNEY,0.0,0.0,0.0
ALICE SPRINGS,SYDNEY,0,0,0.0,0.0,0,4,0.0,ALICE SPRINGSSYDNEY,0.0,0.0,0.0
ALICE SPRINGS,SYDNEY,0,0,0.0,0.0,0,5,0.0,ALICE SPRINGSSYDNEY,0.0,0.0,0.0
ALICE SPRINGS,SYDNEY,0,0,0.0,0.0,0,6,0.0,ALICE SPRINGSSYDNEY,0.0,0.0,0.0
ALICE SPRINGS,SYDNEY,0,0,0.0,0.0,0,7,0.0,ALICE SPRINGSSYDNEY,0.0,0.0,0.0
ALICE SPRINGS,SYDNEY,0,0,0.0,0.0,0,8,0.0,ALICE SPRINGSSYDNEY,0.0,0.0,0.0
AYERS ROCK,SYDNEY,11470,114,25016070.0,44143440.0,20240,1,56.7,AYERS ROCKSYDNEY,178.0,3.68,44129.64
AYERS ROCK,SYDNEY,9602,104,20941962.0,39737820.0,18220,2,52.7,AYERS ROCKSYDNEY,175.0,3.59,43050.38
AYERS ROCK,SYDNEY,8217,91,17921277.0,35262408.0,16168,3,50.8,AYERS ROCKSYDNEY,178.0,2.94,35255.75
AYERS ROCK,SYDNEY,0,0,0.0,0.0,0,4,0.0,AYERS ROCKSYDNEY,0.0,0.0,0.0
AYERS ROCK,SYDNEY,0,0,0.0,0.0,0,5,0.0,AYERS ROCKSYDNEY,0.0,0.0,0.0
AYERS ROCK,SYDNEY,0,0,0.0,0.0,0,6,0.0,AYERS ROCKSYDNEY,0.0,0.0,0.0
AYERS ROCK,SYDNEY,0,0,0.0,0.0,0,7,0.0,AYERS ROCKSYDNEY,0.0,0.0,0.0
AYERS ROCK,SYDNEY,0,0,0.0,0.0,0,8,0.0,AYERS ROCKSYDNEY,0.0,0.0,0.0
BUNDABERG,BRISBANE,11110,271,3188570.0,4760182.0,16586,1,67.0,BUNDABERGBRISBANE,61.0,8.74,26693.1
BUNDABERG,BRISBANE,11476,272,3293612.0,4827914.0,16822,2,68.2,BUNDABERGBRISBANE,62.0,9.38,28647.74
BUNDABERG,BRISBANE,8209,253,2355983.0,4525990.0,15770,3,52.1,BUNDABERGBRISBANE,62.0,8.16,24921.7
BUNDABERG,BRISBANE,423,50,121401.0,1075676.0,3748,4,11.3,BUNDABERGBRISBANE,75.0,1.67,5100.4
BUNDABERG,BRISBANE,0,0,0.0,0.0,0,5,0.0,BUNDABERGBRISBANE,0.0,0.0,0.0
BUNDABERG,BRISBANE,0,0,0.0,0.0,0,6,0.0,BUNDABERGBRISBANE,0.0,0.0,0.0
BUNDABERG,BRISBANE,0,0,0.0,0.0,0,7,0.0,BUNDABERGBRISBANE,0.0,0.0,0.0
BUNDABERG,BRISBANE,0,0,0.0,0.0,0,8,0.0,BUNDABERGBRISBANE,0.0,0.0,0.0
BROOME,PERTH,18287,268,30667299.0,52791960.0,31480,2,58.1,BROOMEPERTH,117.0,9.24,152726.3
BROOME,PERTH,11120,172,18648240.0,32408025.0,19325,3,57.5,BROOMEPERTH,112.0,5.55,91734.95
BROOME,PERTH,1129,55,1893333.0,10333674.0,6162,4,18.3,BROOMEPERTH,112.0,1.83,30247.74
BROOME,PERTH,2111,46,3540147.0,10028460.0,5980,5,35.3,BROOMEPERTH,130.0,1.48,24462.65
BROOME,PERTH,6769,68,11351613.0,15071199.0,8987,6,75.3,BROOMEPERTH,132.0,2.27,37520.42
BROOME,PERTH,19194,160,32188338.0,37880076.0,22588,7,85.0,BROOMEPERTH,141.0,5.16,85288.71
BRISBANE,CANBERRA,0,0,0.0,0.0,0,4,0.0,BRISBANECANBERRA,0.0,0.0,0.0
BRISBANE,CANBERRA,0,0,0.0,0.0,0,5,0.0,BRISBANECANBERRA,0.0,0.0,0.0
BRISBANE,CANBERRA,4003,78,3826868.0,7078224.0,7404,6,54.1,BRISBANECANBERRA,95.0,2.6,19470.54
BRISBANE,CANBERRA,11389,134,10887884.0,13869648.0,14508,7,78.5,BRISBANECANBERRA,108.0,4.32,32351.05
BRISBANE,CANBERRA,6221,110,5947276.0,12676560.0,13260,8,46.9,BRISBANECANBERRA,121.0,3.55,26584.78
BRISBANE,CAIRNS,3906,122,5433246.0,11542518.0,8298,4,47.1,BRISBANECAIRNS,68.0,4.07,37474.04
BRISBANE,CAIRNS,4988,119,6938308.0,11511916.0,8276,5,60.3,BRISBANECAIRNS,70.0,3.84,35356.34
BRISBANE,CAIRNS,18143,206,25236913.0,31550662.0,22682,6,80.0,BRISBANECAIRNS,110.0,6.87,63254.7
BRISBANE,DARWIN,19858,169,56635016.0,75583704.0,26502,2,74.9,BRISBANEDARWIN,157.0,5.83,93520.84
BRISBANE,DARWIN,15128,151,43145056.0,65664448.0,23024,3,65.7,BRISBANEDARWIN,152.0,4.87,78121.18
BRISBANE,DARWIN,0,0,0.0,0.0,0,4,0.0,BRISBANEDARWIN,0.0,0.0,0.0
BRISBANE,DARWIN,0,0,0.0,0.0,0,5,0.0,BRISBANEDARWIN,0.0,0.0,0.0
BRISBANE,DARWIN,0,0,0.0,0.0,0,6,0.0,BRISBANEDARWIN,0.0,0.0,0.0
BRISBANE,DARWIN,8066,112,23004232.0,34634688.0,12144,7,66.4,BRISBANEDARWIN,108.0,3.61,57909.13
BRISBANE,DARWIN,11060,130,31543120.0,49476496.0,17348,8,63.8,BRISBANEDARWIN,133.0,4.19,67213.09
BRISBANE,EMERALD,15792,350,10312176.0,15393822.0,23574,1,67.0,BRISBANEEMERALD,67.0,11.29,54480.23
BRISBANE,EMERALD,15540,347,10147620.0,15414718.0,23606,2,65.8,BRISBANEEMERALD,68.0,11.97,57761.59
BRISBANE,EMERALD,13052,349,8522956.0,14921050.0,22850,3,57.1,BRISBANEEMERALD,65.0,11.26,54335.47
BRISBANE,EMERALD,0,0,0.0,0.0,0,4,0.0,BRISBANEEMERALD,0.0,0.0,0.0
BRISBANE,EMERALD,0,0,0.0,0.0,0,5,0.0,BRISBANEEMERALD,0.0,0.0,0.0
BRISBANE,EMERALD,0,0,0.0,0.0,0,6,0.0,BRISBANEEMERALD,0.0,0.0,0.0
BRISBANE,EMERALD,0,0,0.0,0.0,0,7,0.0,BRISBANEEMERALD,0.0,0.0,0.0
BRISBANE,EMERALD,0,0,0.0,0.0,0,8,0.0,BRISBANEEMERALD,0.0,0.0,0.0
BRISBANE,GLADSTONE,18976,401,8235584.0,13140652.0,30278,1,62.7,BRISBANEGLADSTONE,76.0,12.94,46238.89
BRISBANE,GLADSTONE,18277,400,7932218.0,13095516.0,30174,2,60.6,BRISBANEGLADSTONE,75.0,13.79,49276.22
BRISBANE,GLADSTONE,13274,372,5760916.0,12186720.0,28080,3,47.3,BRISBANEGLADSTONE,75.0,12.0,42879.96
BRISBANE,GLADSTONE,1015,110,440510.0,3610880.0,8320,4,12.2,BRISBANEGLADSTONE,76.0,3.67,13114.12
BRISBANE,GLADSTONE,1342,44,582428.0,1480808.0,3412,5,39.3,BRISBANEGLADSTONE,78.0,1.42,5074.13
BRISBANE,GLADSTONE,2384,54,1034656.0,1810648.0,4172,6,57.1,BRISBANEGLADSTONE,77.0,1.8,6431.99
BRISBANE,GLADSTONE,0,0,0.0,0.0,0,7,0.0,BRISBANEGLADSTONE,0.0,0.0,0.0
BRISBANE,GLADSTONE,0,0,0.0,0.0,0,8,0.0,BRISBANEGLADSTONE,0.0,0.0,0.0
BRISBANE,HOBART,19518,131,34956738.0,41572692.0,23212,2,84.1,BRISBANEHOBART,177.0,4.52,73986.43
BRISBANE,HOBART,14112,110,25274592.0,35028378.0,19558,3,72.2,BRISBANEHOBART,178.0,3.55,58108.81
BRISBANE,HOBART,0,0,0.0,0.0,0,4,0.0,BRISBANEHOBART,0.0,0.0,0.0
BRISBANE,HOBART,0,0,0.0,0.0,0,5,0.0,BRISBANEHOBART,0.0,0.0,0.0
BRISBANE,HOBART,0,0,0.0,0.0,0,6,0.0,BRISBANEHOBART,0.0,0.0,0.0
BRISBANE,HOBART,0,0,0.0,0.0,0,7,0.0,BRISBANEHOBART,0.0,0.0,0.0
BRISBANE,HOBART,0,0,0.0,0.0,0,8,0.0,BRISBANEHOBART,0.0,0.0,0.0
BRISBANE,HAMILTON ISLAND,11666,123,10359408.0,13827048.0,15571,1,74.9,BRISBANEHAMILTON ISLAND,127.0,3.97,24368.89
BRISBANE,HAMILTON ISLAND,8878,114,7883664.0,12659328.0,14256,2,62.3,BRISBANEHAMILTON ISLAND,125.0,3.93,24123.36
BRISBANE,HAMILTON ISLAND,6578,97,5841264.0,10725264.0,12078,3,54.5,BRISBANEHAMILTON ISLAND,125.0,3.13,19212.75
BRISBANE,HAMILTON ISLAND,0,0,0.0,0.0,0,4,0.0,BRISBANEHAMILTON ISLAND,0.0,0.0,0.0
BRISBANE,HAMILTON ISLAND,0,0,0.0,0.0,0,5,0.0,BRISBANEHAMILTON ISLAND,0.0,0.0,0.0
BRISBANE,HAMILTON ISLAND,0,0,0.0,0.0,0,6,0.0,BRISBANEHAMILTON ISLAND,0.0,0.0,0.0
BRISBANE,HAMILTON ISLAND,0,0,0.0,0.0,0,7,0.0,BRISBANEHAMILTON ISLAND,0.0,0.0,0.0
BRISBANE,HAMILTON ISLAND,0,0,0.0,0.0,0,8,0.0,BRISBANEHAMILTON ISLAND,0.0,0.0,0.0
BRISBANE,MOUNT ISA,11191,148,17603443.0,24902163.0,15831,1,70.7,BRISBANEMOUNT ISA,107.0,4.77,30841.06
BRISBANE,MOUNT ISA,10614,134,16695822.0,24988678.0,15886,2,66.8,BRISBANEMOUNT ISA,119.0,4.62,29871.21
BRISBANE,MOUNT ISA,9073,122,14271829.0,23261524.0,14788,3,61.4,BRISBANEMOUNT ISA,121.0,3.94,25474.58
BRISBANE,MOUNT ISA,2240,36,3523520.0,8966100.0,5700,4,39.3,BRISBANEMOUNT ISA,158.0,1.2,7758.76
BRISBANE,MOUNT ISA,0,0,0.0,0.0,0,5,0.0,BRISBANEMOUNT ISA,0.0,0.0,0.0
BRISBANE,MOUNT ISA,0,0,0.0,0.0,0,6,0.0,BRISBANEMOUNT ISA,0.0,0.0,0.0
BRISBANE,MOUNT ISA,0,0,0.0,0.0,0,7,0.0,BRISBANEMOUNT ISA,0.0,0.0,0.0
BRISBANE,MOUNT ISA,0,0,0.0,0.0,0,8,0.0,BRISBANEMOUNT ISA,0.0,0.0,0.0
BRISBANE,MELBOURNE,8637,257,11927697.0,32659269.0,23649,4,36.5,BRISBANEMELBOURNE,92.0,8.57,178856.5
BRISBANE,MELBOURNE,16128,267,22272768.0,40134622.0,29062,5,55.5,BRISBANEMELBOURNE,109.0,8.61,179691.3
BRISBANE,MELBOURNE,6580,232,9086980.0,24692280.0,17880,7,36.8,BRISBANEMELBOURNE,77.0,7.48,156108.12
BRISBANE,MELBOURNE,3677,138,5077937.0,13417796.0,9716,8,37.8,BRISBANEMELBOURNE,70.0,4.45,92871.81
BRISBANE,MACKAY,6121,186,4878437.0,11484770.0,14410,4,42.5,BRISBANEMACKAY,77.0,6.2,38057.21
BRISBANE,MACKAY,5741,108,4575577.0,8067234.0,10122,5,56.7,BRISBANEMACKAY,94.0,3.48,21361.14
BRISBANE,MACKAY,14021,182,11174737.0,14452001.0,18133,6,77.3,BRISBANEMACKAY,100.0,6.07,37259.24
BRISBANE,MORANBAH,0,0,0.0,0.0,0,1,0.0,BRISBANEMORANBAH,0.0,0.0,0.0
BRISBANE,MORANBAH,0,0,0.0,0.0,0,2,0.0,BRISBANEMORANBAH,0.0,0.0,0.0
BRISBANE,MORANBAH,0,0,0.0,0.0,0,3,0.0,BRISBANEMORANBAH,0.0,0.0,0.0
BRISBANE,MORANBAH,0,0,0.0,0.0,0,4,0.0,BRISBANEMORANBAH,0.0,0.0,0.0
BRISBANE,MORANBAH,0,0,0.0,0.0,0,5,0.0,BRISBANEMORANBAH,0.0,0.0,0.0
BRISBANE,MORANBAH,0,0,0.0,0.0,0,6,0.0,BRISBANEMORANBAH,0.0,0.0,0.0
BRISBANE,MORANBAH,0,0,0.0,0.0,0,7,0.0,BRISBANEMORANBAH,0.0,0.0,0.0
BRISBANE,MORANBAH,0,0,0.0,0.0,0,8,0.0,BRISBANEMORANBAH,0.0,0.0,0.0
BRISBANE,NEWCASTLE,0,0,0.0,0.0,0,4,0.0,BRISBANENEWCASTLE,0.0,0.0,0.0
BRISBANE,NEWCASTLE,0,0,0.0,0.0,0,5,0.0,BRISBANENEWCASTLE,0.0,0.0,0.0
BRISBANE,NEWCASTLE,0,0,0.0,0.0,0,6,0.0,BRISBANENEWCASTLE,0.0,0.0,0.0
BRISBANE,NEWCASTLE,9430,105,5790020.0,9168248.0,14932,7,63.2,BRISBANENEWCASTLE,142.0,3.39,20808.7
BRISBANE,NEWCASTLE,4152,72,2549328.0,6535416.0,10644,8,39.0,BRISBANENEWCASTLE,148.0,2.32,14240.76
BRISBANE,PERTH,2115,48,7645725.0,30235860.0,8364,4,25.3,BRISBANEPERTH,174.0,1.6,33850.43
BRISBANE,PERTH,0,0,0.0,0.0,0,5,0.0,BRISBANEPERTH,0.0,0.0,0.0
BRISBANE,PERTH,0,0,0.0,0.0,0,6,0.0,BRISBANEPERTH,0.0,0.0,0.0
BRISBANE,PERTH,7423,92,26834145.0,57868920.0,16008,7,46.4,BRISBANEPERTH,174.0,2.97,62834.86
BRISBANE,PERTH,6252,104,22600980.0,59069100.0,16340,8,38.3,BRISBANEPERTH,157.0,3.35,70874.34
BRISBANE,PROSERPINE,17471,123,15636545.0,19691790.0,22002,2,79.4,BRISBANEPROSERPINE,179.0,4.24,26778.4
BRISBANE,PROSERPINE,13687,118,12249865.0,18827220.0,21036,3,65.1,BRISBANEPROSERPINE,178.0,3.81,24062.66
BRISBANE,PROSERPINE,0,0,0.0,0.0,0,4,0.0,BRISBANEPROSERPINE,0.0,0.0,0.0
BRISBANE,PROSERPINE,0,0,0.0,0.0,0,5,0.0,BRISBANEPROSERPINE,0.0,0.0,0.0
BRISBANE,PROSERPINE,2358,24,2110410.0,3082380.0,3444,6,68.5,BRISBANEPROSERPINE,144.0,0.8,5052.53
BRISBANE,PROSERPINE,14052,126,12576540.0,17735320.0,19816,7,70.9,BRISBANEPROSERPINE,157.0,4.06,25641.58
BRISBANE,PROSERPINE,12850,117,11500750.0,16947720.0,18936,8,67.9,BRISBANEPROSERPINE,162.0,3.77,23810.04
BRISBANE,ROCKHAMPTON,2182,128,1130276.0,4963476.0,9582,4,22.8,BRISBANEROCKHAMPTON,75.0,4.27,15258.12
BRISBANE,ROCKHAMPTON,3472,85,1798496.0,3405332.0,6574,5,52.8,BRISBANEROCKHAMPTON,77.0,2.74,9790.92
BRISBANE,ROCKHAMPTON,8060,149,4175080.0,6905976.0,13332,6,60.5,BRISBANEROCKHAMPTON,89.0,4.97,17759.45
BRISBANE,ROCKHAMPTON,15904,263,8238272.0,11945080.0,23060,7,69.0,BRISBANEROCKHAMPTON,88.0,8.48,30301.84
BRISBANE,ROCKHAMPTON,16892,326,8750056.0,15391852.0,29714,8,56.8,BRISBANEROCKHAMPTON,91.0,10.52,37591.43
BRISBANE,SYDNEY,14154,424,10657962.0,29500281.0,39177,4,36.1,BRISBANESYDNEY,92.0,14.13,82107.73
BRISBANE,SYDNEY,18716,353,14093148.0,25451400.0,33800,5,55.4,BRISBANESYDNEY,96.0,11.39,66185.92
BRISBANE,SYDNEY,18919,421,14246007.0,28489755.0,37835,8,50.0,BRISBANESYDNEY,90.0,13.58,78911.75
BRISBANE,TOWNSVILLE,4193,91,4662616.0,10388304.0,9342,4,44.9,BRISBANETOWNSVILLE,103.0,3.03,22690.67
BRISBANE,TOWNSVILLE,4907,82,5456584.0,8811488.0,7924,5,61.9,BRISBANETOWNSVILLE,97.0,2.65,19844.98
BRISBANE,TOWNSVILLE,15096,148,16786752.0,22698144.0,20412,6,74.0,BRISBANETOWNSVILLE,138.0,4.93,36919.14
CANBERRA,MELBOURNE,1949,98,916030.0,4506360.0,9588,4,20.3,CANBERRAMELBOURNE,98.0,3.27,10985.7
CANBERRA,MELBOURNE,2748,70,1291560.0,3585160.0,7628,5,36.0,CANBERRAMELBOURNE,109.0,2.26,7592.56
CANBERRA,MELBOURNE,5806,117,2728820.0,5411580.0,11514,6,50.4,CANBERRAMELBOURNE,98.0,3.9,13102.21
CANBERRA,MELBOURNE,2219,90,1042930.0,4621980.0,9834,7,22.6,CANBERRAMELBOURNE,109.0,2.9,9742.67
CANBERRA,MELBOURNE,0,0,0.0,0.0,0,8,0.0,CANBERRAMELBOURNE,0.0,0.0,0.0
CANBERRA,SYDNEY,0,0,0.0,0.0,0,4,0.0,CANBERRASYDNEY,0.0,0.0,0.0
CANBERRA,SYDNEY,0,0,0.0,0.0,0,5,0.0,CANBERRASYDNEY,0.0,0.0,0.0
CANBERRA,SYDNEY,0,0,0.0,0.0,0,6,0.0,CANBERRASYDNEY,0.0,0.0,0.0
CANBERRA,SYDNEY,0,0,0.0,0.0,0,7,0.0,CANBERRASYDNEY,0.0,0.0,0.0
CANBERRA,SYDNEY,0,0,0.0,0.0,0,8,0.0,CANBERRASYDNEY,0.0,0.0,0.0
COFFS HARBOUR,SYDNEY,16353,357,7244379.0,12633474.0,28518,3,57.3,COFFS HARBOURSYDNEY,80.0,11.52,46794.12
COFFS HARBOUR,SYDNEY,0,0,0.0,0.0,0,4,0.0,COFFS HARBOURSYDNEY,0.0,0.0,0.0
COFFS HARBOUR,SYDNEY,0,0,0.0,0.0,0,5,0.0,COFFS HARBOURSYDNEY,0.0,0.0,0.0
COFFS HARBOUR,SYDNEY,0,0,0.0,0.0,0,6,0.0,COFFS HARBOURSYDNEY,0.0,0.0,0.0
COFFS HARBOUR,SYDNEY,0,0,0.0,0.0,0,7,0.0,COFFS HARBOURSYDNEY,0.0,0.0,0.0
COFFS HARBOUR,SYDNEY,0,0,0.0,0.0,0,8,0.0,COFFS HARBOURSYDNEY,0.0,0.0,0.0
CAIRNS,MELBOURNE,0,0,0.0,0.0,0,4,0.0,CAIRNSMELBOURNE,0.0,0.0,0.0
CAIRNS,MELBOURNE,0,0,0.0,0.0,0,5,0.0,CAIRNSMELBOURNE,0.0,0.0,0.0
CAIRNS,MELBOURNE,0,0,0.0,0.0,0,6,0.0,CAIRNSMELBOURNE,0.0,0.0,0.0
CAIRNS,MELBOURNE,0,0,0.0,0.0,0,7,0.0,CAIRNSMELBOURNE,0.0,0.0,0.0
CAIRNS,MELBOURNE,0,0,0.0,0.0,0,8,0.0,CAIRNSMELBOURNE,0.0,0.0,0.0
CAIRNS,SYDNEY,0,0,0.0,0.0,0,4,0.0,CAIRNSSYDNEY,0.0,0.0,0.0
CAIRNS,SYDNEY,0,0,0.0,0.0,0,5,0.0,CAIRNSSYDNEY,0.0,0.0,0.0
CAIRNS,SYDNEY,0,0,0.0,0.0,0,6,0.0,CAIRNSSYDNEY,0.0,0.0,0.0
CAIRNS,SYDNEY,0,0,0.0,0.0,0,8,0.0,CAIRNSSYDNEY,0.0,0.0,0.0
CAIRNS,TOWNSVILLE,8766,330,2489544.0,5990128.0,21092,1,41.6,CAIRNSTOWNSVILLE,64.0,10.65,29924.37
CAIRNS,TOWNSVILLE,10007,311,2841988.0,5551348.0,19547,2,51.2,CAIRNSTOWNSVILLE,63.0,10.72,30121.06
CAIRNS,TOWNSVILLE,7987,320,2268308.0,5543112.0,19518,3,40.9,CAIRNSTOWNSVILLE,61.0,10.32,28997.14
CAIRNS,TOWNSVILLE,1303,98,370052.0,1435620.0,5055,4,25.8,CAIRNSTOWNSVILLE,52.0,3.27,9188.05
CAIRNS,TOWNSVILLE,0,0,0.0,0.0,0,5,0.0,CAIRNSTOWNSVILLE,0.0,0.0,0.0
CAIRNS,TOWNSVILLE,0,0,0.0,0.0,0,6,0.0,CAIRNSTOWNSVILLE,0.0,0.0,0.0
CAIRNS,TOWNSVILLE,0,0,0.0,0.0,0,7,0.0,CAIRNSTOWNSVILLE,0.0,0.0,0.0
CAIRNS,TOWNSVILLE,0,0,0.0,0.0,0,8,0.0,CAIRNSTOWNSVILLE,0.0,0.0,0.0
DUBBO,SYDNEY,11666,370,3616460.0,5451040.0,17584,1,66.3,DUBBOSYDNEY,48.0,11.94,48500.16
DUBBO,SYDNEY,13909,473,4311790.0,6860300.0,22130,2,62.9,DUBBOSYDNEY,47.0,16.31,66251.06
DUBBO,SYDNEY,9859,449,3056290.0,6155670.0,19857,3,49.6,DUBBOSYDNEY,44.0,14.48,58817.62
DUBBO,SYDNEY,498,70,154380.0,836690.0,2699,4,18.5,DUBBOSYDNEY,39.0,2.33,9464.44
DUBBO,SYDNEY,846,58,262260.0,622790.0,2009,5,42.1,DUBBOSYDNEY,35.0,1.87,7595.92
DUBBO,SYDNEY,0,0,0.0,0.0,0,6,0.0,DUBBOSYDNEY,0.0,0.0,0.0
DUBBO,SYDNEY,0,0,0.0,0.0,0,7,0.0,DUBBOSYDNEY,0.0,0.0,0.0
DUBBO,SYDNEY,0,0,0.0,0.0,0,8,0.0,DUBBOSYDNEY,0.0,0.0,0.0
DARWIN,MELBOURNE,18136,140,56783816.0,77050779.0,24609,2,73.7,DARWINMELBOURNE,176.0,4.83,131833.74
DARWIN,MELBOURNE,14761,126,46216691.0,69182576.0,22096,3,66.8,DARWINMELBOURNE,175.0,4.06,110816.77
DARWIN,MELBOURNE,0,0,0.0,0.0,0,4,0.0,DARWINMELBOURNE,0.0,0.0,0.0
DARWIN,MELBOURNE,0,0,0.0,0.0,0,5,0.0,DARWINMELBOURNE,0.0,0.0,0.0
DARWIN,MELBOURNE,0,0,0.0,0.0,0,6,0.0,DARWINMELBOURNE,0.0,0.0,0.0
DARWIN,MELBOURNE,0,0,0.0,0.0,0,7,0.0,DARWINMELBOURNE,0.0,0.0,0.0
DARWIN,MELBOURNE,0,0,0.0,0.0,0,8,0.0,DARWINMELBOURNE,0.0,0.0,0.0
DARWIN,PERTH,12829,124,34009679.0,56646568.0,21368,1,60.0,DARWINPERTH,172.0,4.0,144371.76
DARWIN,PERTH,11018,116,29208718.0,53062416.0,20016,2,55.0,DARWINPERTH,173.0,4.0,144371.76
DARWIN,PERTH,8935,108,23686685.0,49117728.0,18528,3,48.2,DARWINPERTH,172.0,3.48,125603.43
DARWIN,PERTH,257,8,681307.0,3170596.0,1196,4,21.5,DARWINPERTH,150.0,0.27,9745.09
DARWIN,PERTH,0,0,0.0,0.0,0,5,0.0,DARWINPERTH,0.0,0.0,0.0
DARWIN,PERTH,0,0,0.0,0.0,0,6,0.0,DARWINPERTH,0.0,0.0,0.0
DARWIN,PERTH,0,0,0.0,0.0,0,7,0.0,DARWINPERTH,0.0,0.0,0.0
DARWIN,PERTH,0,0,0.0,0.0,0,8,0.0,DARWINPERTH,0.0,0.0,0.0
DARWIN,SYDNEY,14082,117,44428710.0,64286280.0,20376,2,69.1,DARWINSYDNEY,174.0,4.03,71407.97
DARWIN,SYDNEY,16628,146,52461340.0,84547690.0,26798,3,62.0,DARWINSYDNEY,184.0,4.71,83456.96
DARWIN,SYDNEY,0,0,0.0,0.0,0,4,0.0,DARWINSYDNEY,0.0,0.0,0.0
DARWIN,SYDNEY,0,0,0.0,0.0,0,5,0.0,DARWINSYDNEY,0.0,0.0,0.0
DARWIN,SYDNEY,0,0,0.0,0.0,0,6,0.0,DARWINSYDNEY,0.0,0.0,0.0
DARWIN,SYDNEY,0,0,0.0,0.0,0,7,0.0,DARWINSYDNEY,0.0,0.0,0.0
DARWIN,SYDNEY,0,0,0.0,0.0,0,8,0.0,DARWINSYDNEY,0.0,0.0,0.0
GERALDTON,PERTH,0,0,0.0,0.0,0,1,0.0,GERALDTONPERTH,0.0,0.0,0.0
GERALDTON,PERTH,0,0,0.0,0.0,0,2,0.0,GERALDTONPERTH,0.0,0.0,0.0
GERALDTON,PERTH,0,0,0.0,0.0,0,3,0.0,GERALDTONPERTH,0.0,0.0,0.0
GERALDTON,PERTH,0,0,0.0,0.0,0,4,0.0,GERALDTONPERTH,0.0,0.0,0.0
GERALDTON,PERTH,0,0,0.0,0.0,0,5,0.0,GERALDTONPERTH,0.0,0.0,0.0
GERALDTON,PERTH,0,0,0.0,0.0,0,6,0.0,GERALDTONPERTH,0.0,0.0,0.0
GERALDTON,PERTH,0,0,0.0,0.0,0,7,0.0,GERALDTONPERTH,0.0,0.0,0.0
GERALDTON,PERTH,0,0,0.0,0.0,0,8,0.0,GERALDTONPERTH,0.0,0.0,0.0
HOBART,MELBOURNE,0,0,0.0,0.0,0,4,0.0,HOBARTMELBOURNE,0.0,0.0,0.0
HOBART,MELBOURNE,0,0,0.0,0.0,0,5,0.0,HOBARTMELBOURNE,0.0,0.0,0.0
HOBART,MELBOURNE,0,0,0.0,0.0,0,6,0.0,HOBARTMELBOURNE,0.0,0.0,0.0
HOBART,MELBOURNE,0,0,0.0,0.0,0,7,0.0,HOBARTMELBOURNE,0.0,0.0,0.0
HOBART,MELBOURNE,0,0,0.0,0.0,0,8,0.0,HOBARTMELBOURNE,0.0,0.0,0.0
HOBART,SYDNEY,0,0,0.0,0.0,0,4,0.0,HOBARTSYDNEY,0.0,0.0,0.0
HOBART,SYDNEY,0,0,0.0,0.0,0,5,0.0,HOBARTSYDNEY,0.0,0.0,0.0
HOBART,SYDNEY,0,0,0.0,0.0,0,6,0.0,HOBARTSYDNEY,0.0,0.0,0.0
HOBART,SYDNEY,1754,20,1822406.0,3702996.0,3564,7,49.2,HOBARTSYDNEY,178.0,0.65,5107.03
HOBART,SYDNEY,1658,44,1722662.0,7913024.0,7616,8,21.8,HOBARTSYDNEY,173.0,1.42,11156.9
HAMILTON ISLAND,MELBOURNE,9378,76,18427770.0,25765080.0,13112,1,71.5,HAMILTON ISLANDMELBOURNE,173.0,2.45,43411.8
HAMILTON ISLAND,MELBOURNE,4499,50,8840535.0,16987425.0,8645,2,52.0,HAMILTON ISLANDMELBOURNE,173.0,1.72,30476.85
HAMILTON ISLAND,MELBOURNE,3655,38,7182075.0,12910050.0,6570,3,55.6,HAMILTON ISLANDMELBOURNE,173.0,1.23,21794.49
HAMILTON ISLAND,MELBOURNE,0,0,0.0,0.0,0,4,0.0,HAMILTON ISLANDMELBOURNE,0.0,0.0,0.0
HAMILTON ISLAND,MELBOURNE,0,0,0.0,0.0,0,5,0.0,HAMILTON ISLANDMELBOURNE,0.0,0.0,0.0
HAMILTON ISLAND,MELBOURNE,0,0,0.0,0.0,0,6,0.0,HAMILTON ISLANDMELBOURNE,0.0,0.0,0.0
HAMILTON ISLAND,MELBOURNE,0,0,0.0,0.0,0,7,0.0,HAMILTON ISLANDMELBOURNE,0.0,0.0,0.0
HAMILTON ISLAND,MELBOURNE,0,0,0.0,0.0,0,8,0.0,HAMILTON ISLANDMELBOURNE,0.0,0.0,0.0
HAMILTON ISLAND,SYDNEY,14529,134,22171254.0,32021584.0,20984,2,69.2,HAMILTON ISLANDSYDNEY,157.0,4.62,44050.59
HAMILTON ISLAND,SYDNEY,11840,121,18067840.0,29146600.0,19100,3,62.0,HAMILTON ISLANDSYDNEY,158.0,3.9,37185.56
HAMILTON ISLAND,SYDNEY,0,0,0.0,0.0,0,4,0.0,HAMILTON ISLANDSYDNEY,0.0,0.0,0.0
HAMILTON ISLAND,SYDNEY,0,0,0.0,0.0,0,5,0.0,HAMILTON ISLANDSYDNEY,0.0,0.0,0.0
HAMILTON ISLAND,SYDNEY,0,0,0.0,0.0,0,6,0.0,HAMILTON ISLANDSYDNEY,0.0,0.0,0.0
HAMILTON ISLAND,SYDNEY,0,0,0.0,0.0,0,7,0.0,HAMILTON ISLANDSYDNEY,0.0,0.0,0.0
HAMILTON ISLAND,SYDNEY,0,0,0.0,0.0,0,8,0.0,HAMILTON ISLANDSYDNEY,0.0,0.0,0.0
KALGOORLIE,PERTH,19502,311,10492076.0,19907614.0,37003,1,52.7,KALGOORLIEPERTH,119.0,10.03,46908.1
KALGOORLIE,PERTH,16909,309,9097042.0,19688648.0,36596,3,46.2,KALGOORLIEPERTH,118.0,9.97,46627.5
KALGOORLIE,PERTH,3122,82,1679636.0,5417660.0,10070,4,31.0,KALGOORLIEPERTH,123.0,2.73,12767.61
KALGOORLIE,PERTH,2037,34,1095906.0,2071300.0,3850,5,52.9,KALGOORLIEPERTH,113.0,1.1,5144.46
KALGOORLIE,PERTH,4515,55,2429070.0,3851004.0,7158,6,63.1,KALGOORLIEPERTH,130.0,1.83,8558.51
KALGOORLIE,PERTH,9100,108,4895800.0,7704160.0,14320,7,63.5,KALGOORLIEPERTH,133.0,3.48,16275.19
KALGOORLIE,PERTH,12387,142,6664206.0,11300152.0,21004,8,59.0,KALGOORLIEPERTH,148.0,4.58,21419.65
KARRATHA,PERTH,3229,93,4036250.0,15558750.0,12447,4,25.9,KARRATHAPERTH,134.0,3.1,24356.61
KARRATHA,PERTH,2522,44,3152500.0,6755000.0,5404,5,46.7,KARRATHAPERTH,123.0,1.42,11156.9
KARRATHA,PERTH,6706,72,8382500.0,12897500.0,10318,6,65.0,KARRATHAPERTH,143.0,2.4,18856.73
KARRATHA,PERTH,15957,162,19946250.0,28160000.0,22528,7,70.8,KARRATHAPERTH,139.0,5.23,41091.95
LAUNCESTON,MELBOURNE,0,0,0.0,0.0,0,4,0.0,LAUNCESTONMELBOURNE,0.0,0.0,0.0
LAUNCESTON,MELBOURNE,0,0,0.0,0.0,0,5,0.0,LAUNCESTONMELBOURNE,0.0,0.0,0.0
LAUNCESTON,MELBOURNE,0,0,0.0,0.0,0,6,0.0,LAUNCESTONMELBOURNE,0.0,0.0,0.0
LAUNCESTON,MELBOURNE,0,0,0.0,0.0,0,7,0.0,LAUNCESTONMELBOURNE,0.0,0.0,0.0
LAUNCESTON,MELBOURNE,0,0,0.0,0.0,0,8,0.0,LAUNCESTONMELBOURNE,0.0,0.0,0.0
LAUNCESTON,SYDNEY,16551,126,15127614.0,20755112.0,22708,3,72.9,LAUNCESTONSYDNEY,180.0,4.06,26250.46
LAUNCESTON,SYDNEY,0,0,0.0,0.0,0,4,0.0,LAUNCESTONSYDNEY,0.0,0.0,0.0
LAUNCESTON,SYDNEY,0,0,0.0,0.0,0,5,0.0,LAUNCESTONSYDNEY,0.0,0.0,0.0
LAUNCESTON,SYDNEY,0,0,0.0,0.0,0,6,0.0,LAUNCESTONSYDNEY,0.0,0.0,0.0
LAUNCESTON,SYDNEY,0,0,0.0,0.0,0,7,0.0,LAUNCESTONSYDNEY,0.0,0.0,0.0
LAUNCESTON,SYDNEY,0,0,0.0,0.0,0,8,0.0,LAUNCESTONSYDNEY,0.0,0.0,0.0
SUNSHINE COAST,MELBOURNE,0,0,0.0,0.0,0,4,0.0,SUNSHINE COASTMELBOURNE,0.0,0.0,0.0
SUNSHINE COAST,MELBOURNE,0,0,0.0,0.0,0,5,0.0,SUNSHINE COASTMELBOURNE,0.0,0.0,0.0
SUNSHINE COAST,MELBOURNE,0,0,0.0,0.0,0,6,0.0,SUNSHINE COASTMELBOURNE,0.0,0.0,0.0
SUNSHINE COAST,MELBOURNE,0,0,0.0,0.0,0,7,0.0,SUNSHINE COASTMELBOURNE,0.0,0.0,0.0
SUNSHINE COAST,MELBOURNE,0,0,0.0,0.0,0,8,0.0,SUNSHINE COASTMELBOURNE,0.0,0.0,0.0
SUNSHINE COAST,SYDNEY,0,0,0.0,0.0,0,4,0.0,SUNSHINE COASTSYDNEY,0.0,0.0,0.0
SUNSHINE COAST,SYDNEY,0,0,0.0,0.0,0,5,0.0,SUNSHINE COASTSYDNEY,0.0,0.0,0.0
SUNSHINE COAST,SYDNEY,0,0,0.0,0.0,0,6,0.0,SUNSHINE COASTSYDNEY,0.0,0.0,0.0
SUNSHINE COAST,SYDNEY,0,0,0.0,0.0,0,7,0.0,SUNSHINE COASTSYDNEY,0.0,0.0,0.0
SUNSHINE COAST,SYDNEY,7843,66,6564591.0,9988758.0,11934,8,65.7,SUNSHINE COASTSYDNEY,181.0,2.13,12090.07
MELBOURNE,MILDURA,16266,299,7433562.0,11454248.0,25064,1,64.9,MELBOURNEMILDURA,84.0,9.65,39198.2
MELBOURNE,MILDURA,16699,369,7631443.0,12562473.0,27489,2,60.7,MELBOURNEMILDURA,74.0,12.72,51668.51
MELBOURNE,MILDURA,12225,342,5586825.0,11407634.0,24962,3,49.0,MELBOURNEMILDURA,73.0,11.03,44803.75
MELBOURNE,MILDURA,497,41,227129.0,1092230.0,2390,4,20.8,MELBOURNEMILDURA,58.0,1.37,5564.93
MELBOURNE,MILDURA,756,34,345492.0,819858.0,1794,5,42.1,MELBOURNEMILDURA,53.0,1.1,4468.19
MELBOURNE,MILDURA,1723,48,787411.0,1286455.0,2815,6,61.2,MELBOURNEMILDURA,59.0,1.6,6499.18
MELBOURNE,MILDURA,0,0,0.0,0.0,0,7,0.0,MELBOURNEMILDURA,0.0,0.0,0.0
MELBOURNE,MILDURA,0,0,0.0,0.0,0,8,0.0,MELBOURNEMILDURA,0.0,0.0,0.0
MELBOURNE,NEWCASTLE,0,0,0.0,0.0,0,4,0.0,MELBOURNENEWCASTLE,0.0,0.0,0.0
MELBOURNE,NEWCASTLE,0,0,0.0,0.0,0,5,0.0,MELBOURNENEWCASTLE,0.0,0.0,0.0
MELBOURNE,NEWCASTLE,0,0,0.0,0.0,0,6,0.0,MELBOURNENEWCASTLE,0.0,0.0,0.0
MELBOURNE,NEWCASTLE,0,0,0.0,0.0,0,7,0.0,MELBOURNENEWCASTLE,0.0,0.0,0.0
MELBOURNE,NEWCASTLE,0,0,0.0,0.0,0,8,0.0,MELBOURNENEWCASTLE,0.0,0.0,0.0
MELBOURNE,GOLD COAST,0,0,0.0,0.0,0,4,0.0,MELBOURNEGOLD COAST,0.0,0.0,0.0
MELBOURNE,GOLD COAST,0,0,0.0,0.0,0,5,0.0,MELBOURNEGOLD COAST,0.0,0.0,0.0
MELBOURNE,GOLD COAST,0,0,0.0,0.0,0,6,0.0,MELBOURNEGOLD COAST,0.0,0.0,0.0
MELBOURNE,GOLD COAST,0,0,0.0,0.0,0,7,0.0,MELBOURNEGOLD COAST,0.0,0.0,0.0
MELBOURNE,GOLD COAST,0,0,0.0,0.0,0,8,0.0,MELBOURNEGOLD COAST,0.0,0.0,0.0
MELBOURNE,PERTH,6132,216,16593192.0,68315676.0,25246,4,24.3,MELBOURNEPERTH,117.0,7.2,250911.36
MELBOURNE,PERTH,8804,232,23823624.0,88066770.0,32545,5,27.1,MELBOURNEPERTH,140.0,7.48,260669.02
MELBOURNE,PERTH,9911,218,26819166.0,79182972.0,29262,6,33.9,MELBOURNEPERTH,134.0,7.27,253350.78
MELBOURNE,PERTH,3986,163,10786116.0,62110818.0,22953,7,17.4,MELBOURNEPERTH,141.0,5.26,183304.69
MELBOURNE,PERTH,2006,132,5428236.0,43701900.0,16150,8,12.4,MELBOURNEPERTH,122.0,4.26,148455.89
MELBOURNE,SYDNEY,17098,439,12071188.0,31477010.0,44585,4,38.3,MELBOURNESYDNEY,102.0,14.63,79625.09
MELBOURNE,SYDNEY,18998,377,13412588.0,24897796.0,35266,5,53.9,MELBOURNESYDNEY,94.0,12.16,66181.89
MELBOURNE,SYDNEY,9891,292,6983046.0,20111822.0,28487,8,34.7,MELBOURNESYDNEY,98.0,9.42,51269.2
MELBOURNE,TOWNSVILLE,0,0,0.0,0.0,0,1,0.0,MELBOURNETOWNSVILLE,0.0,0.0,0.0
MELBOURNE,TOWNSVILLE,0,0,0.0,0.0,0,2,0.0,MELBOURNETOWNSVILLE,0.0,0.0,0.0
MELBOURNE,TOWNSVILLE,0,0,0.0,0.0,0,3,0.0,MELBOURNETOWNSVILLE,0.0,0.0,0.0
MELBOURNE,TOWNSVILLE,0,0,0.0,0.0,0,4,0.0,MELBOURNETOWNSVILLE,0.0,0.0,0.0
MELBOURNE,TOWNSVILLE,0,0,0.0,0.0,0,5,0.0,MELBOURNETOWNSVILLE,0.0,0.0,0.0
MELBOURNE,TOWNSVILLE,0,0,0.0,0.0,0,6,0.0,MELBOURNETOWNSVILLE,0.0,0.0,0.0
MELBOURNE,TOWNSVILLE,0,0,0.0,0.0,0,7,0.0,MELBOURNETOWNSVILLE,0.0,0.0,0.0
MELBOURNE,TOWNSVILLE,0,0,0.0,0.0,0,8,0.0,MELBOURNETOWNSVILLE,0.0,0.0,0.0
GOLD COAST,SYDNEY,1518,44,1032240.0,5232600.0,7695,4,19.7,GOLD COASTSYDNEY,175.0,1.47,8343.85
GOLD COAST,SYDNEY,0,0,0.0,0.0,0,5,0.0,GOLD COASTSYDNEY,0.0,0.0,0.0
GOLD COAST,SYDNEY,5089,44,3460520.0,5320320.0,7824,6,65.0,GOLD COASTSYDNEY,178.0,1.47,8343.85
GOLD COAST,SYDNEY,2398,36,1630640.0,4282640.0,6298,8,38.1,GOLD COASTSYDNEY,175.0,1.16,6584.26
PERTH,PORT HEDLAND,5045,112,6619040.0,20723040.0,15795,4,31.9,PERTHPORT HEDLAND,141.0,3.73,30527.59
PERTH,PORT HEDLAND,2877,47,3774624.0,7582048.0,5779,5,49.8,PERTHPORT HEDLAND,123.0,1.52,12440.2
PERTH,PORT HEDLAND,6143,70,8059616.0,12938944.0,9862,6,62.3,PERTHPORT HEDLAND,141.0,2.33,19069.51
PERTH,PORT HEDLAND,12895,146,16918240.0,26662464.0,20322,7,63.5,PERTHPORT HEDLAND,139.0,4.71,38548.24
PERTH,PORT HEDLAND,12694,152,16654528.0,30734912.0,23426,8,54.2,PERTHPORT HEDLAND,154.0,4.9,40103.27
PERTH,SYDNEY,5249,83,17237716.0,59115284.0,18001,4,29.2,PERTHSYDNEY,217.0,2.77,98501.2
PERTH,SYDNEY,7100,62,23316400.0,56432256.0,17184,5,41.3,PERTHSYDNEY,277.0,2.0,71120.0
PERTH,SYDNEY,8973,100,29467332.0,74921176.0,22814,6,39.3,PERTHSYDNEY,228.0,3.33,118414.8
PERTH,SYDNEY,8591,126,28212844.0,81026132.0,24673,7,34.8,PERTHSYDNEY,196.0,4.06,144373.6
PERTH,SYDNEY,3913,100,12850292.0,59749096.0,18194,8,21.5,PERTHSYDNEY,182.0,3.23,114858.8
PERTH,NEWMAN,19476,266,19846044.0,40757962.0,39998,3,48.7,PERTHNEWMAN,150.0,8.58,57275.02
PERTH,NEWMAN,3946,102,4020974.0,13741215.0,13485,4,29.3,PERTHNEWMAN,132.0,3.4,22696.39
PERTH,NEWMAN,2871,42,2925549.0,5251926.0,5154,5,55.7,PERTHNEWMAN,123.0,1.35,9011.8
PERTH,NEWMAN,4195,56,4274705.0,8249824.0,8096,6,51.8,PERTHNEWMAN,145.0,1.87,12483.02
PERTH,NEWMAN,6549,82,6673431.0,12472560.0,12240,7,53.5,PERTHNEWMAN,149.0,2.65,17689.84
PERTH,NEWMAN,6023,68,6137437.0,11135632.0,10928,8,55.1,PERTHNEWMAN,161.0,2.19,14619.15
PROSERPINE,SYDNEY,10090,64,15306530.0,17676084.0,11652,1,86.6,PROSERPINESYDNEY,182.0,2.06,10951.66
PROSERPINE,SYDNEY,0,0,0.0,0.0,0,2,0.0,PROSERPINESYDNEY,0.0,0.0,0.0
PROSERPINE,SYDNEY,0,0,0.0,0.0,0,3,0.0,PROSERPINESYDNEY,0.0,0.0,0.0
PROSERPINE,SYDNEY,0,0,0.0,0.0,0,4,0.0,PROSERPINESYDNEY,0.0,0.0,0.0
PROSERPINE,SYDNEY,0,0,0.0,0.0,0,5,0.0,PROSERPINESYDNEY,0.0,0.0,0.0
PROSERPINE,SYDNEY,0,0,0.0,0.0,0,6,0.0,PROSERPINESYDNEY,0.0,0.0,0.0
PROSERPINE,SYDNEY,0,0,0.0,0.0,0,7,0.0,PROSERPINESYDNEY,0.0,0.0,0.0
PROSERPINE,SYDNEY,0,0,0.0,0.0,0,8,0.0,PROSERPINESYDNEY,0.0,0.0,0.0
PORT MACQUARIE,SYDNEY,14785,299,4745985.0,6176040.0,19240,1,76.8,PORT MACQUARIESYDNEY,64.0,9.65,34482.63
PORT MACQUARIE,SYDNEY,13978,296,4486938.0,6036084.0,18804,2,74.3,PORT MACQUARIESYDNEY,64.0,10.21,36483.7
PORT MACQUARIE,SYDNEY,10334,317,3317214.0,5695824.0,17744,3,58.2,PORT MACQUARIESYDNEY,56.0,10.23,36555.17
PORT MACQUARIE,SYDNEY,0,0,0.0,0.0,0,4,0.0,PORT MACQUARIESYDNEY,0.0,0.0,0.0
PORT MACQUARIE,SYDNEY,0,0,0.0,0.0,0,5,0.0,PORT MACQUARIESYDNEY,0.0,0.0,0.0
PORT MACQUARIE,SYDNEY,0,0,0.0,0.0,0,6,0.0,PORT MACQUARIESYDNEY,0.0,0.0,0.0
PORT MACQUARIE,SYDNEY,0,0,0.0,0.0,0,7,0.0,PORT MACQUARIESYDNEY,0.0,0.0,0.0
PORT MACQUARIE,SYDNEY,0,0,0.0,0.0,0,8,0.0,PORT MACQUARIESYDNEY,0.0,0.0,0.0
BALLINA,SYDNEY,0,0,0.0,0.0,0,4,0.0,BALLINASYDNEY,0.0,0.0,0.0
BALLINA,SYDNEY,2367,32,1448604.0,2334168.0,3814,5,62.1,BALLINASYDNEY,119.0,1.03,5505.07
BALLINA,SYDNEY,5583,72,3416796.0,3979836.0,6503,6,85.9,BALLINASYDNEY,90.0,2.4,12827.35
SYDNEY,TAMWORTH,13401,349,4288320.0,6914560.0,21608,1,62.0,SYDNEYTAMWORTH,62.0,11.26,34389.5
SYDNEY,TAMWORTH,13240,353,4236800.0,6919040.0,21622,2,61.2,SYDNEYTAMWORTH,61.0,12.17,37168.76
SYDNEY,TAMWORTH,9023,315,2887360.0,6051200.0,18910,3,47.7,SYDNEYTAMWORTH,60.0,10.16,31029.96
SYDNEY,TAMWORTH,0,0,0.0,0.0,0,4,0.0,SYDNEYTAMWORTH,0.0,0.0,0.0
SYDNEY,TAMWORTH,0,0,0.0,0.0,0,5,0.0,SYDNEYTAMWORTH,0.0,0.0,0.0
SYDNEY,TAMWORTH,0,0,0.0,0.0,0,6,0.0,SYDNEYTAMWORTH,0.0,0.0,0.0
SYDNEY,TAMWORTH,0,0,0.0,0.0,0,7,0.0,SYDNEYTAMWORTH,0.0,0.0,0.0
SYDNEY,TAMWORTH,0,0,0.0,0.0,0,8,0.0,SYDNEYTAMWORTH,0.0,0.0,0.0
SYDNEY,TOWNSVILLE,14360,104,24268400.0,30416620.0,17998,1,79.8,SYDNEYTOWNSVILLE,173.0,3.35,60592.76
SYDNEY,TOWNSVILLE,8097,64,13683930.0,18485220.0,10938,2,74.0,SYDNEYTOWNSVILLE,171.0,2.21,39973.13
SYDNEY,TOWNSVILLE,6579,58,11118510.0,16825640.0,9956,3,66.1,SYDNEYTOWNSVILLE,172.0,1.87,33823.42
SYDNEY,TOWNSVILLE,0,0,0.0,0.0,0,4,0.0,SYDNEYTOWNSVILLE,0.0,0.0,0.0
SYDNEY,TOWNSVILLE,0,0,0.0,0.0,0,5,0.0,SYDNEYTOWNSVILLE,0.0,0.0,0.0
SYDNEY,TOWNSVILLE,0,0,0.0,0.0,0,6,0.0,SYDNEYTOWNSVILLE,0.0,0.0,0.0
SYDNEY,TOWNSVILLE,0,0,0.0,0.0,0,7,0.0,SYDNEYTOWNSVILLE,0.0,0.0,0.0
SYDNEY,TOWNSVILLE,0,0,0.0,0.0,0,8,0.0,SYDNEYTOWNSVILLE,0.0,0.0,0.0
SYDNEY,WAGGA WAGGA,11189,290,4106363.0,5828327.0,15881,1,70.5,SYDNEYWAGGA WAGGA,55.0,9.35,33410.64
SYDNEY,WAGGA WAGGA,13634,427,5003678.0,7761316.0,21148,2,64.5,SYDNEYWAGGA WAGGA,50.0,14.72,52599.42
SYDNEY,WAGGA WAGGA,9344,385,3429248.0,6925657.0,18871,3,49.5,SYDNEYWAGGA WAGGA,49.0,12.42,44380.76
SYDNEY,WAGGA WAGGA,269,48,98723.0,838595.0,2285,4,11.8,SYDNEYWAGGA WAGGA,48.0,1.6,5717.33
SYDNEY,WAGGA WAGGA,549,37,201483.0,723724.0,1972,5,27.8,SYDNEYWAGGA WAGGA,53.0,1.19,4252.26
SYDNEY,WAGGA WAGGA,0,0,0.0,0.0,0,6,0.0,SYDNEYWAGGA WAGGA,0.0,0.0,0.0
SYDNEY,WAGGA WAGGA,0,0,0.0,0.0,0,7,0.0,SYDNEYWAGGA WAGGA,0.0,0.0,0.0
SYDNEY,WAGGA WAGGA,0,0,0.0,0.0,0,8,0.0,SYDNEYWAGGA WAGGA,0.0,0.0,0.0
